{
    "Ar36": {
        "error": 0.000649949012371763, 
        "filter_outliers_dict": {
            "filter_outliers": true, 
            "iterations": 1, 
            "std_devs": 2
        }, 
        "fit": "Parabolic", 
        "value": 0.09734610819258248
    }, 
    "Ar37": {
        "error": 0.014426220153750809, 
        "filter_outliers_dict": {
            "filter_outliers": true, 
            "iterations": 1, 
            "std_devs": 2
        }, 
        "fit": "linear", 
        "value": 74.33860339025512
    }, 
    "Ar38": {
        "error": 0.013001197764195345, 
        "filter_outliers_dict": {
            "filter_outliers": true, 
            "iterations": 1, 
            "std_devs": 2
        }, 
        "fit": "linear", 
        "value": 4.063488444531781
    }, 
    "Ar39": {
        "error": 0.030598260070315512, 
        "filter_outliers_dict": {
            "filter_outliers": true, 
            "iterations": 1, 
            "std_devs": 2
        }, 
        "fit": "Parabolic", 
        "value": 148.81724141773174
    }, 
    "Ar40": {
        "error": 0.02616199407771369, 
        "filter_outliers_dict": {
            "filter_outliers": true, 
            "iterations": 1, 
            "std_devs": 2
        }, 
        "fit": "Parabolic", 
        "value": 127.28522895960123
    }
}