{
    "Ar36": {
        "error": 0.00010628891548784369, 
        "filter_outliers_dict": {
            "filter_outliers": true, 
            "iterations": 1, 
            "std_devs": 2
        }, 
        "fit": "Parabolic", 
        "value": 0.0016222156883920029
    }, 
    "Ar37": {
        "error": 0.004887817232513525, 
        "filter_outliers_dict": {
            "filter_outliers": true, 
            "iterations": 1, 
            "std_devs": 2
        }, 
        "fit": "linear", 
        "value": 0.15795956471645
    }, 
    "Ar38": {
        "error": 0.002146648089681909, 
        "filter_outliers_dict": {
            "filter_outliers": true, 
            "iterations": 1, 
            "std_devs": 2
        }, 
        "fit": "linear", 
        "value": 0.007968495824879055
    }, 
    "Ar39": {
        "error": 0.008527907216055208, 
        "filter_outliers_dict": {
            "filter_outliers": true, 
            "iterations": 1, 
            "std_devs": 2
        }, 
        "fit": "Parabolic", 
        "value": 0.05989201541711292
    }, 
    "Ar40": {
        "error": 0.006284035187957477, 
        "filter_outliers_dict": {
            "filter_outliers": true, 
            "iterations": 1, 
            "std_devs": 2
        }, 
        "fit": "Parabolic", 
        "value": 0.3188573318742261
    }, 
    "Ar41": {
        "error": 0.005326374208184819, 
        "filter_outliers_dict": {
            "filter_outliers": true, 
            "iterations": 1, 
            "std_devs": 2
        }, 
        "fit": "linear", 
        "value": 0.06795480123026364
    }
}